{"cameraMode":{"drawMode":0,"name":"Shaded","section":"Shading Mode"},"sceneLighting":true,"audioPlay":false,"sceneViewState":{"showFog":true,"showMaterialUpdate":true,"showSkybox":true,"showFlares":true,"showImageEffects":true,"showParticleSystems":true},"in2DMode":false,"pivot":{"x":0.08661246299743653,"y":0.23240303993225099,"z":0.1168278306722641},"rotation":{"x":-0.09948594868183136,"y":0.7210909128189087,"z":-0.10589170455932617,"w":-0.6774432063102722},"size":9.38290023803711,"orthographic":false}