{"cameraMode":{"drawMode":0,"name":"Shaded","section":"Shading Mode"},"sceneLighting":false,"audioPlay":false,"sceneViewState":{"m_AlwaysRefresh":true,"showFog":true,"showSkybox":false,"showFlares":true,"showImageEffects":true,"showParticleSystems":true,"showVisualEffectGraphs":true,"m_FxEnabled":false},"in2DMode":false,"pivot":{"x":4.686369895935059,"y":11.939985275268555,"z":-2.4407615661621095},"rotation":{"x":0.0556529201567173,"y":-0.06856123358011246,"z":0.003939103335142136,"w":0.9962988495826721},"size":15.22130298614502,"orthographic":false}