{"cameraMode":{"drawMode":0,"name":"Shaded","section":"Shading Mode"},"sceneLighting":false,"audioPlay":false,"sceneViewState":{"m_AlwaysRefresh":true,"showFog":true,"showSkybox":false,"showFlares":true,"showImageEffects":true,"showParticleSystems":true,"showVisualEffectGraphs":true,"m_FxEnabled":false},"in2DMode":false,"pivot":{"x":-4.506405353546143,"y":9.175519943237305,"z":-4.0247039794921879},"rotation":{"x":0.0556529201567173,"y":-0.06856123358011246,"z":0.003939103335142136,"w":0.9962988495826721},"size":12.214349746704102,"orthographic":false}