{"cameraMode":{"drawMode":0,"name":"Shaded","section":"Shading Mode"},"sceneLighting":false,"audioPlay":false,"sceneViewState":{"m_AlwaysRefresh":true,"showFog":true,"showSkybox":false,"showFlares":true,"showImageEffects":true,"showParticleSystems":true,"showVisualEffectGraphs":true,"m_FxEnabled":true},"in2DMode":false,"pivot":{"x":3.2300000190734865,"y":0.5850201845169067,"z":-3.035135507583618},"rotation":{"x":0.055577125400304797,"y":0.9154995679855347,"z":-0.1358557492494583,"w":0.37470778822898867},"size":2.521608591079712,"orthographic":false}