{"cameraMode":{"drawMode":0,"name":"Shaded","section":"Shading Mode"},"sceneLighting":false,"audioPlay":false,"sceneViewState":{"m_AlwaysRefresh":true,"showFog":true,"showSkybox":true,"showFlares":true,"showImageEffects":true,"showParticleSystems":true,"showVisualEffectGraphs":true,"m_FxEnabled":true},"in2DMode":false,"pivot":{"x":163.70281982421876,"y":11.026050567626954,"z":115.41910552978516},"rotation":{"x":0.11939482390880585,"y":-0.7202466726303101,"z":0.12710966169834138,"w":0.6720727682113648},"size":21.551807403564454,"orthographic":false}