{"cameraMode":{"drawMode":0,"name":"Shaded","section":"Shading Mode"},"sceneLighting":true,"audioPlay":false,"sceneViewState":{"m_AlwaysRefresh":true,"showFog":true,"showSkybox":true,"showFlares":true,"showImageEffects":true,"showParticleSystems":true,"showVisualEffectGraphs":true,"m_FxEnabled":true},"in2DMode":false,"pivot":{"x":85.86598205566406,"y":1.556999683380127,"z":112.00992584228516},"rotation":{"x":-0.07061457633972168,"y":-0.9024780988693237,"z":0.16006025671958924,"w":-0.3941810429096222},"size":0.5660253763198853,"orthographic":false}