{"cameraMode":{"drawMode":0,"name":"Shaded","section":"Shading Mode"},"sceneLighting":true,"audioPlay":false,"sceneViewState":{"m_AlwaysRefresh":true,"showFog":true,"showSkybox":true,"showFlares":true,"showImageEffects":true,"showParticleSystems":true,"showVisualEffectGraphs":true,"m_FxEnabled":true},"in2DMode":false,"pivot":{"x":-3.232215642929077,"y":3.3932366371154787,"z":4.757347106933594},"rotation":{"x":-0.055826183408498767,"y":-0.17751342058181764,"z":0.009973946958780289,"w":-0.9829950332641602},"size":7.515704154968262,"orthographic":false}