{"cameraMode":{"drawMode":0,"name":"Shaded","section":"Shading Mode"},"sceneLighting":true,"audioPlay":false,"sceneViewState":{"m_AlwaysRefresh":true,"showFog":true,"showSkybox":true,"showFlares":true,"showImageEffects":true,"showParticleSystems":true,"showVisualEffectGraphs":true,"m_FxEnabled":true},"in2DMode":false,"pivot":{"x":1.2314348220825196,"y":2.260000228881836,"z":1.8659801483154297},"rotation":{"x":-0.0374954529106617,"y":-0.6814094185829163,"z":0.034992557018995288,"w":-0.7301200032234192},"size":0.8660253882408142,"orthographic":false}