{"cameraMode":{"drawMode":0,"name":"Shaded","section":"Shading Mode"},"sceneLighting":false,"audioPlay":false,"sceneViewState":{"m_AlwaysRefresh":true,"showFog":true,"showSkybox":true,"showFlares":true,"showImageEffects":true,"showParticleSystems":true,"showVisualEffectGraphs":true,"m_FxEnabled":true},"in2DMode":false,"pivot":{"x":244.49200439453126,"y":2.3894996643066408,"z":123.23348999023438},"rotation":{"x":0.10053354501724243,"y":-0.8191792964935303,"z":0.14966820180416108,"w":0.5452399849891663},"size":8.570036888122559,"orthographic":false}