{"cameraMode":{"drawMode":0,"name":"Shaded","section":"Shading Mode"},"sceneLighting":false,"audioPlay":false,"sceneViewState":{"m_AlwaysRefresh":true,"showFog":true,"showSkybox":true,"showFlares":true,"showImageEffects":true,"showParticleSystems":true,"showVisualEffectGraphs":true,"m_FxEnabled":true},"in2DMode":false,"pivot":{"x":-0.33040475845336916,"y":0.2542301416397095,"z":5.827123641967773},"rotation":{"x":-0.21451862156391145,"y":-0.41622912883758547,"z":0.10200821608304978,"w":-0.8782338500022888},"size":9.373849868774414,"orthographic":false}