{"cameraMode":{"drawMode":0,"name":"Shaded","section":"Shading Mode"},"sceneLighting":true,"audioPlay":false,"sceneViewState":{"m_AlwaysRefresh":true,"showFog":true,"showSkybox":true,"showFlares":true,"showImageEffects":true,"showParticleSystems":true,"showVisualEffectGraphs":true,"m_FxEnabled":true},"in2DMode":false,"pivot":{"x":-0.9818615913391113,"y":1.6124614477157593,"z":4.047763347625732},"rotation":{"x":-0.24547907710075379,"y":-0.5098965167999268,"z":0.15455755591392518,"w":-0.8098674416542053},"size":12.835108757019043,"orthographic":false}