{"cameraMode":{"drawMode":0,"name":"Shaded","section":"Shading Mode"},"sceneLighting":true,"audioPlay":false,"sceneViewState":{"m_AlwaysRefresh":true,"showFog":true,"showSkybox":true,"showFlares":true,"showImageEffects":true,"showParticleSystems":true,"showVisualEffectGraphs":true,"m_FxEnabled":true},"in2DMode":false,"pivot":{"x":10.776798248291016,"y":5.131614685058594,"z":0.004258096218109131},"rotation":{"x":0.18272024393081666,"y":0.1047927513718605,"z":-0.0196154173463583,"w":0.9774298071861267},"size":1.5553810596466065,"orthographic":false}