{"cameraMode":{"drawMode":0,"name":"Shaded","section":"Shading Mode"},"sceneLighting":true,"audioPlay":false,"sceneViewState":{"m_AlwaysRefresh":true,"showFog":true,"showSkybox":true,"showFlares":true,"showImageEffects":true,"showParticleSystems":true,"showVisualEffectGraphs":true,"m_FxEnabled":true},"in2DMode":false,"pivot":{"x":18.265687942504884,"y":0.9632560014724731,"z":6.757265567779541},"rotation":{"x":-0.16252349317073823,"y":-0.20114554464817048,"z":0.03411925211548805,"w":-0.9655616879463196},"size":0.6062179803848267,"orthographic":false}