{"cameraMode":{"drawMode":0,"name":"Shaded","section":"Shading Mode"},"sceneLighting":false,"audioPlay":false,"sceneViewState":{"m_AlwaysRefresh":true,"showFog":true,"showSkybox":true,"showFlares":true,"showImageEffects":true,"showParticleSystems":true,"showVisualEffectGraphs":true,"m_FxEnabled":true},"in2DMode":false,"pivot":{"x":1.244776964187622,"y":0.3483782410621643,"z":-2.4014945030212404},"rotation":{"x":0.040649402886629108,"y":0.9211002588272095,"z":-0.10118681192398071,"w":0.37499481439590456},"size":3.3494656085968019,"orthographic":false}