{"cameraMode":{"drawMode":0,"name":"Shaded","section":"Shading Mode"},"sceneLighting":false,"audioPlay":false,"sceneViewState":{"m_AlwaysRefresh":true,"showFog":true,"showSkybox":true,"showFlares":true,"showImageEffects":true,"showParticleSystems":true,"showVisualEffectGraphs":true,"m_FxEnabled":true},"in2DMode":false,"pivot":{"x":0.7201540470123291,"y":2.7778234481811525,"z":0.9683133363723755},"rotation":{"x":-0.1857466995716095,"y":-0.06941140443086624,"z":0.013138126581907273,"w":-0.9805532693862915},"size":7.788817882537842,"orthographic":false}